SalesID,CustomerName,Products,Country,Regions,OrderDate,ShippedDate,Quantity,PerUnitPrice,Cost
S01,Macsen Holcomb,Bread,Japan,West,01-01-2020,13-01-2020,8,569,4552
S02,Deanna Langley,Milk,Japan,East,02-01-2020,11-01-2020,13,394,5122
S03,Soraya Schmitt,Cake,Australia,South,03-01-2020,08-01-2020,1,903,903
S04,Arjan Wilder,Butter,Japan,South,04-01-2020,09-01-2020,7,502,3514
S05,Joel Cotton,Butter,Australia,West,05-01-2020,14-01-2020,6,920,5520
S06,Don Cole,Cake,China,North,06-01-2020,11-01-2020,8,203,1624
S07,Maci Dillard,Cake,Japan,East,07-01-2020,12-01-2020,3,978,2934
S08,Tyra Mercer,Milk,USA,North,08-01-2020,20-01-2020,8,214,1712
S09,Erin Marin,Bread,China,West,09-01-2020,16-01-2020,6,516,3096
S10,Denny Cornish,Butter,USA,West,10-01-2020,23-01-2020,13,512,6656
S11,Arjan Wilder,Butter,India,South,11-01-2020,22-01-2020,9,629,5661
S12,Lucas Andrade,Butter,Japan,West,12-01-2020,26-01-2020,12,437,5244
S13,Lucas Andrade,Butter,Australia,East,13-01-2020,22-01-2020,4,176,704
S14,Macsen Holcomb,Butter,China,North,14-01-2020,26-01-2020,2,413,826
S15,Evie-Mai Ortiz,Bread,China,East,15-01-2020,20-01-2020,1,712,712
S16,Don Cole,Milk,USA,South,16-01-2020,25-01-2020,9,849,7641
S17,Evie-Mai Ortiz,Butter,Japan,South,17-01-2020,26-01-2020,14,664,9296
S18,Hayley Redmond,Butter,India,West,18-01-2020,30-01-2020,2,280,560
S19,Margaret Marquez,Butter,China,East,19-01-2020,31-01-2020,4,840,3360
S20,Fallon Navarro,Bread,USA,North,20-01-2020,25-01-2020,9,400,3600
S21,Micah Sexton,Bread,India,East,21-01-2020,31-01-2020,1,899,899
S22,Denny Cornish,Cake,USA,West,22-01-2020,30-01-2020,14,890,12460
S23,Hayley Redmond,Cake,Japan,West,23-01-2020,28-01-2020,5,297,1485
S24,Ivy-Rose Glover,Bread,USA,North,24-01-2020,03-02-2020,6,281,1686
S25,Maci Dillard,Bread,China,South,25-01-2020,02-02-2020,5,492,2460
S26,Deanna Rosas,Cake,India,North,26-01-2020,10-02-2020,4,253,1012
S27,Macsen Holcomb,Butter,Japan,South,27-01-2020,11-02-2020,14,524,7336
S28,Lucas Andrade,Butter,Japan,South,28-01-2020,09-02-2020,3,617,1851
S29,Evie-Mai Ortiz,Cake,India,East,29-01-2020,10-02-2020,15,952,14280
S30,Deanna Langley,Butter,USA,East,30-01-2020,05-02-2020,14,529,7406
S31,Macsen Holcomb,Butter,USA,West,31-01-2020,12-02-2020,4,149,596
S32,Tyra Mercer,Bread,India,East,01-02-2020,12-02-2020,8,769,6152
S33,Evie-Mai Ortiz,Milk,China,West,02-02-2020,11-02-2020,3,346,1038
S34,Deanna Rosas,Bread,China,North,03-02-2020,13-02-2020,11,494,5434
S35,Hayley Redmond,Bread,Japan,North,04-02-2020,09-02-2020,3,831,2493
S36,Hayley Redmond,Cake,China,South,05-02-2020,10-02-2020,6,987,5922
S37,Don Cole,Bread,China,East,06-02-2020,18-02-2020,12,671,8052
S38,Fallon Navarro,Butter,India,East,07-02-2020,16-02-2020,6,133,798
S39,Don Cole,Butter,China,South,08-02-2020,14-02-2020,15,522,7830
S40,Larissa Whitehouse,Milk,China,North,09-02-2020,20-02-2020,3,655,1965
S41,Joel Cotton,Milk,India,East,10-02-2020,21-02-2020,12,645,7740
S42,Soraya Schmitt,Milk,Japan,South,11-02-2020,26-02-2020,4,590,2360
S43,Erin Marin,Butter,USA,North,12-02-2020,19-02-2020,6,383,2298
S44,Hayley Redmond,Cake,China,South,13-02-2020,22-02-2020,10,502,5020
S45,Erin Marin,Butter,Japan,North,14-02-2020,24-02-2020,10,980,9800
S46,Evie-Mai Ortiz,Milk,India,South,15-02-2020,23-02-2020,7,868,6076
S47,Macsen Holcomb,Milk,Australia,West,16-02-2020,22-02-2020,1,946,946
S48,Bob Fry,Bread,India,East,17-02-2020,28-02-2020,12,555,6660
S49,Hayley Redmond,Bread,India,West,18-02-2020,29-02-2020,15,103,1545
S50,Macsen Holcomb,Milk,India,West,19-02-2020,01-03-2020,14,989,13846
S51,Fallon Navarro,Butter,China,North,20-02-2020,01-03-2020,1,138,138
S52,Hayley Redmond,Cake,India,West,21-02-2020,03-03-2020,1,141,141
S53,Bob Fry,Cake,Japan,West,22-02-2020,04-03-2020,6,868,5208
S54,Arjan Wilder,Milk,Japan,North,23-02-2020,05-03-2020,12,534,6408
S55,Joel Cotton,Bread,USA,West,24-02-2020,05-03-2020,11,753,8283
S56,Erin Marin,Cake,Japan,North,25-02-2020,02-03-2020,12,397,4764
S57,Joel Cotton,Bread,India,West,26-02-2020,08-03-2020,3,230,690
S58,Erin Marin,Cake,USA,East,27-02-2020,11-03-2020,7,265,1855
S59,Soraya Schmitt,Butter,Japan,North,28-02-2020,10-03-2020,4,306,1224
S60,Soraya Schmitt,Butter,China,West,29-02-2020,13-03-2020,13,560,7280
S61,Lucas Andrade,Cake,India,North,01-03-2020,10-03-2020,14,489,6846
S62,Margaret Marquez,Milk,China,North,02-03-2020,11-03-2020,7,728,5096
S63,Arjan Wilder,Butter,Japan,West,03-03-2020,08-03-2020,5,211,1055
S64,Lucas Andrade,Bread,Australia,North,04-03-2020,16-03-2020,2,817,1634
S65,Hayley Redmond,Butter,Japan,North,05-03-2020,10-03-2020,3,189,567
S66,Joel Cotton,Bread,Australia,East,06-03-2020,14-03-2020,4,478,1912
S67,Deanna Langley,Bread,Japan,East,07-03-2020,17-03-2020,4,931,3724
S68,Fallon Navarro,Bread,Australia,South,08-03-2020,19-03-2020,3,485,1455
S69,Evie-Mai Ortiz,Milk,India,North,09-03-2020,18-03-2020,15,310,4650
S70,Arjan Wilder,Cake,India,East,10-03-2020,18-03-2020,9,664,5976
S71,Ivy-Rose Glover,Cake,USA,East,11-03-2020,25-03-2020,10,201,2010
S72,Fallon Navarro,Bread,USA,North,12-03-2020,19-03-2020,5,950,4750
S73,Ivy-Rose Glover,Bread,Japan,North,13-03-2020,28-03-2020,11,116,1276
S74,Arjan Wilder,Cake,Japan,North,14-03-2020,19-03-2020,8,733,5864
S75,Tyra Mercer,Bread,Australia,East,15-03-2020,30-03-2020,11,960,10560
S76,Lucas Andrade,Milk,Australia,North,16-03-2020,28-03-2020,13,804,10452
S77,Macsen Holcomb,Bread,China,South,17-03-2020,31-03-2020,13,924,12012
S78,Joel Cotton,Bread,Japan,East,18-03-2020,01-04-2020,5,756,3780
S79,Denny Cornish,Cake,USA,South,19-03-2020,02-04-2020,9,720,6480
S80,Maci Dillard,Cake,Australia,North,20-03-2020,03-04-2020,4,625,2500
S81,Lucas Andrade,Cake,India,North,21-03-2020,29-03-2020,2,304,608
S82,Deanna Rosas,Cake,India,West,22-03-2020,01-04-2020,12,983,11796
S83,Bob Fry,Butter,India,North,23-03-2020,01-04-2020,9,706,6354
S84,Larissa Whitehouse,Butter,China,North,24-03-2020,06-04-2020,4,658,2632
S85,Hayley Redmond,Milk,China,West,25-03-2020,04-04-2020,6,508,3048
S86,Bob Fry,Milk,Japan,West,26-03-2020,01-04-2020,3,725,2175
S87,Maci Dillard,Butter,Japan,North,27-03-2020,03-04-2020,11,918,10098
S88,Hayley Redmond,Cake,Australia,North,28-03-2020,10-04-2020,14,317,4438
S89,Ivy-Rose Glover,Butter,China,West,29-03-2020,13-04-2020,14,896,12544
S90,Tyra Mercer,Bread,China,North,30-03-2020,04-04-2020,15,831,12465
S91,Ivy-Rose Glover,Butter,Australia,West,31-03-2020,05-04-2020,11,676,7436
S92,Joel Cotton,Bread,USA,North,01-04-2020,12-04-2020,3,765,2295
S93,Evie-Mai Ortiz,Butter,USA,West,02-04-2020,13-04-2020,2,499,998
S94,Denny Cornish,Butter,China,West,03-04-2020,11-04-2020,2,534,1068
S95,Soraya Schmitt,Cake,USA,North,04-04-2020,14-04-2020,5,966,4830
S96,Erin Marin,Cake,China,North,05-04-2020,20-04-2020,15,456,6840
S97,Micah Sexton,Butter,China,East,06-04-2020,21-04-2020,10,371,3710
S98,Deanna Rosas,Milk,USA,North,07-04-2020,22-04-2020,5,789,3945
S99,Bob Fry,Cake,China,South,08-04-2020,23-04-2020,12,616,7392
S100,Lucas Andrade,Milk,Australia,North,09-04-2020,17-04-2020,14,308,4312
S101,Margaret Marquez,Butter,China,East,10-04-2020,20-04-2020,10,664,6640
S102,Bob Fry,Bread,China,South,11-04-2020,19-04-2020,10,929,9290
S103,Margaret Marquez,Cake,USA,West,12-04-2020,17-04-2020,13,274,3562
S104,Ivy-Rose Glover,Butter,India,West,13-04-2020,20-04-2020,14,832,11648
S105,Ivy-Rose Glover,Bread,India,South,14-04-2020,24-04-2020,6,114,684
S106,Joel Cotton,Milk,Japan,West,15-04-2020,22-04-2020,12,533,6396
S107,Don Cole,Cake,USA,West,16-04-2020,22-04-2020,4,474,1896
S108,Tyra Mercer,Butter,China,North,17-04-2020,29-04-2020,5,479,2395
S109,Margaret Marquez,Cake,China,West,18-04-2020,28-04-2020,6,808,4848
S110,Don Cole,Bread,Australia,West,19-04-2020,04-05-2020,14,300,4200
S111,Deanna Langley,Bread,Japan,South,20-04-2020,01-05-2020,9,636,5724
S112,Maci Dillard,Cake,Australia,East,21-04-2020,30-04-2020,7,471,3297
S113,Erin Marin,Milk,Australia,North,22-04-2020,27-04-2020,6,633,3798
S114,Maci Dillard,Milk,Australia,West,23-04-2020,06-05-2020,13,326,4238
S115,Larissa Whitehouse,Bread,China,West,24-04-2020,04-05-2020,5,701,3505
S116,Micah Sexton,Cake,Japan,South,25-04-2020,01-05-2020,12,706,8472
S117,Ivy-Rose Glover,Cake,Japan,West,26-04-2020,09-05-2020,2,499,998
S118,Fallon Navarro,Bread,Japan,South,27-04-2020,12-05-2020,5,502,2510
S119,Joel Cotton,Cake,USA,East,28-04-2020,04-05-2020,11,407,4477
S120,Hayley Redmond,Bread,USA,West,29-04-2020,10-05-2020,11,367,4037
S121,Larissa Whitehouse,Cake,Japan,North,30-04-2020,10-05-2020,13,749,9737
S122,Maci Dillard,Bread,Japan,North,01-05-2020,13-05-2020,11,775,8525
S123,Bob Fry,Bread,USA,North,02-05-2020,09-05-2020,2,987,1974
S124,Larissa Whitehouse,Bread,China,North,03-05-2020,17-05-2020,13,710,9230
S125,Erin Marin,Butter,Japan,North,04-05-2020,13-05-2020,12,905,10860
S126,Ivy-Rose Glover,Butter,Australia,East,05-05-2020,15-05-2020,11,912,10032
S127,Tyra Mercer,Butter,USA,West,06-05-2020,14-05-2020,1,628,628
S128,Fallon Navarro,Bread,Japan,East,07-05-2020,22-05-2020,8,209,1672
S129,Joel Cotton,Milk,Japan,East,08-05-2020,21-05-2020,7,150,1050
S130,Tyra Mercer,Cake,Australia,West,09-05-2020,22-05-2020,2,694,1388
S131,Deanna Langley,Milk,China,North,10-05-2020,18-05-2020,9,754,6786
S132,Erin Marin,Bread,Australia,East,11-05-2020,22-05-2020,5,187,935
S133,Maci Dillard,Butter,Japan,North,12-05-2020,24-05-2020,12,306,3672
S134,Denny Cornish,Milk,Australia,North,13-05-2020,21-05-2020,1,766,766
S135,Deanna Rosas,Butter,Japan,West,14-05-2020,19-05-2020,12,554,6648
S136,Larissa Whitehouse,Butter,Japan,West,15-05-2020,24-05-2020,14,139,1946
S137,Fallon Navarro,Cake,Australia,East,16-05-2020,26-05-2020,4,919,3676
S138,Bob Fry,Bread,USA,North,17-05-2020,26-05-2020,11,125,1375
S139,Tyra Mercer,Bread,Australia,East,18-05-2020,30-05-2020,10,745,7450
S140,Lucas Andrade,Cake,Japan,South,19-05-2020,29-05-2020,9,577,5193
S141,Denny Cornish,Cake,Japan,West,20-05-2020,28-05-2020,2,779,1558
S142,Soraya Schmitt,Bread,USA,South,21-05-2020,05-06-2020,2,132,264
S143,Joel Cotton,Milk,India,West,22-05-2020,30-05-2020,12,369,4428
S144,Macsen Holcomb,Butter,Australia,North,23-05-2020,29-05-2020,3,319,957
S145,Maci Dillard,Milk,USA,West,24-05-2020,30-05-2020,13,120,1560
S146,Don Cole,Cake,India,East,25-05-2020,30-05-2020,2,187,374
S147,Evie-Mai Ortiz,Butter,Japan,East,26-05-2020,06-06-2020,14,317,4438
S148,Ivy-Rose Glover,Milk,China,North,27-05-2020,07-06-2020,4,346,1384
S149,Fallon Navarro,Bread,China,East,28-05-2020,02-06-2020,1,840,840
S150,Ivy-Rose Glover,Milk,Australia,West,29-05-2020,09-06-2020,1,914,914
S151,Hayley Redmond,Milk,USA,North,30-05-2020,13-06-2020,5,394,1970
S152,Joel Cotton,Milk,China,East,31-05-2020,15-06-2020,15,277,4155
S153,Hayley Redmond,Butter,Australia,East,01-06-2020,14-06-2020,5,599,2995
S154,Erin Marin,Cake,China,West,02-06-2020,15-06-2020,14,906,12684
S155,Hayley Redmond,Butter,China,South,03-06-2020,11-06-2020,7,147,1029
S156,Bob Fry,Cake,Japan,North,04-06-2020,13-06-2020,2,743,1486
S157,Joel Cotton,Milk,Australia,North,05-06-2020,11-06-2020,8,960,7680
S158,Tyra Mercer,Bread,China,South,06-06-2020,21-06-2020,15,408,6120
S159,Margaret Marquez,Butter,Japan,West,07-06-2020,13-06-2020,1,679,679
S160,Bob Fry,Cake,China,West,08-06-2020,23-06-2020,15,192,2880
S161,Macsen Holcomb,Cake,USA,South,09-06-2020,18-06-2020,3,965,2895
S162,Lucas Andrade,Cake,India,East,10-06-2020,18-06-2020,13,651,8463
S163,Ivy-Rose Glover,Butter,India,West,11-06-2020,24-06-2020,3,830,2490
S164,Bob Fry,Milk,Australia,West,12-06-2020,22-06-2020,12,258,3096
S165,Macsen Holcomb,Bread,China,North,13-06-2020,26-06-2020,12,518,6216
S166,Fallon Navarro,Milk,China,West,14-06-2020,29-06-2020,11,259,2849
S167,Don Cole,Butter,USA,East,15-06-2020,29-06-2020,10,686,6860
S168,Tyra Mercer,Cake,India,South,16-06-2020,21-06-2020,10,136,1360
S169,Don Cole,Butter,India,South,17-06-2020,24-06-2020,15,973,14595
S170,Ivy-Rose Glover,Milk,China,East,18-06-2020,02-07-2020,15,495,7425
S171,Maci Dillard,Butter,Japan,West,19-06-2020,01-07-2020,5,736,3680
S172,Margaret Marquez,Bread,China,North,20-06-2020,25-06-2020,8,365,2920
S173,Don Cole,Butter,China,East,21-06-2020,01-07-2020,12,650,7800
S174,Don Cole,Bread,USA,North,22-06-2020,30-06-2020,6,473,2838
S175,Bob Fry,Bread,China,West,23-06-2020,03-07-2020,4,903,3612
S176,Deanna Rosas,Butter,India,South,24-06-2020,09-07-2020,10,669,6690
S177,Denny Cornish,Butter,Japan,West,25-06-2020,10-07-2020,11,888,9768
S178,Ivy-Rose Glover,Milk,USA,West,26-06-2020,05-07-2020,15,863,12945
S179,Margaret Marquez,Butter,Japan,West,27-06-2020,02-07-2020,2,341,682
S180,Maci Dillard,Cake,Australia,North,28-06-2020,13-07-2020,3,380,1140
S181,Micah Sexton,Milk,China,East,29-06-2020,08-07-2020,15,845,12675
S182,Macsen Holcomb,Cake,USA,West,30-06-2020,14-07-2020,12,679,8148
S183,Erin Marin,Bread,Australia,South,01-07-2020,13-07-2020,8,323,2584
S184,Deanna Langley,Cake,Australia,South,02-07-2020,17-07-2020,10,988,9880
S185,Bob Fry,Cake,China,East,03-07-2020,15-07-2020,8,777,6216
S186,Tyra Mercer,Cake,Australia,West,04-07-2020,16-07-2020,10,198,1980
S187,Hayley Redmond,Milk,Australia,East,05-07-2020,13-07-2020,5,105,525
S188,Soraya Schmitt,Milk,Japan,South,06-07-2020,15-07-2020,8,925,7400
S189,Arjan Wilder,Cake,Australia,North,07-07-2020,21-07-2020,8,807,6456
S190,Bob Fry,Milk,Australia,West,08-07-2020,22-07-2020,9,246,2214
S191,Ivy-Rose Glover,Cake,China,North,09-07-2020,18-07-2020,6,963,5778
S192,Margaret Marquez,Cake,USA,South,10-07-2020,25-07-2020,5,647,3235
S193,Hayley Redmond,Milk,India,East,11-07-2020,16-07-2020,6,533,3198
S194,Soraya Schmitt,Milk,Japan,West,12-07-2020,18-07-2020,9,454,4086
S195,Fallon Navarro,Milk,USA,East,13-07-2020,28-07-2020,5,820,4100
S196,Denny Cornish,Bread,Australia,North,14-07-2020,19-07-2020,1,644,644
S197,Arjan Wilder,Bread,USA,North,15-07-2020,20-07-2020,12,371,4452
S198,Macsen Holcomb,Butter,USA,West,16-07-2020,22-07-2020,6,571,3426
S199,Soraya Schmitt,Bread,Japan,West,17-07-2020,25-07-2020,15,192,2880
S200,Hayley Redmond,Butter,USA,South,18-07-2020,02-08-2020,11,721,7931
S201,Arjan Wilder,Butter,USA,West,19-07-2020,27-07-2020,1,635,635
S202,Bob Fry,Milk,Australia,West,20-07-2020,03-08-2020,2,847,1694
S203,Hayley Redmond,Bread,Japan,East,21-07-2020,28-07-2020,3,165,495
S204,Deanna Langley,Bread,India,South,22-07-2020,01-08-2020,8,907,7256
S205,Deanna Langley,Butter,USA,South,23-07-2020,06-08-2020,11,581,6391
S206,Deanna Langley,Milk,USA,East,24-07-2020,04-08-2020,9,674,6066
S207,Margaret Marquez,Butter,China,West,25-07-2020,03-08-2020,6,360,2160
S208,Joel Cotton,Cake,India,East,26-07-2020,04-08-2020,3,508,1524
S209,Erin Marin,Butter,India,South,27-07-2020,04-08-2020,12,865,10380
S210,Deanna Rosas,Bread,India,East,28-07-2020,02-08-2020,13,327,4251
S211,Hayley Redmond,Cake,USA,South,29-07-2020,05-08-2020,4,785,3140
S212,Denny Cornish,Butter,Japan,South,30-07-2020,12-08-2020,13,346,4498
S213,Hayley Redmond,Milk,Japan,West,31-07-2020,07-08-2020,12,909,10908
S214,Maci Dillard,Cake,India,North,01-08-2020,07-08-2020,6,326,1956
S215,Bob Fry,Milk,Japan,South,02-08-2020,08-08-2020,10,816,8160
S216,Arjan Wilder,Butter,Australia,South,03-08-2020,17-08-2020,11,516,5676
S217,Lucas Andrade,Butter,India,East,04-08-2020,15-08-2020,6,276,1656
S218,Fallon Navarro,Milk,India,South,05-08-2020,17-08-2020,13,128,1664
S219,Micah Sexton,Cake,Japan,North,06-08-2020,13-08-2020,5,473,2365
S220,Fallon Navarro,Cake,Japan,North,07-08-2020,21-08-2020,7,679,4753
S221,Bob Fry,Bread,China,East,08-08-2020,13-08-2020,2,913,1826
S222,Lucas Andrade,Milk,USA,West,09-08-2020,17-08-2020,1,558,558
S223,Bob Fry,Butter,Japan,North,10-08-2020,17-08-2020,4,816,3264
S224,Bob Fry,Cake,Australia,North,11-08-2020,23-08-2020,2,427,854
S225,Macsen Holcomb,Milk,India,West,12-08-2020,17-08-2020,10,997,9970
S226,Hayley Redmond,Cake,Australia,West,13-08-2020,19-08-2020,3,931,2793
S227,Joel Cotton,Bread,USA,East,14-08-2020,26-08-2020,3,410,1230
S228,Arjan Wilder,Milk,China,West,15-08-2020,27-08-2020,11,994,10934
S229,Margaret Marquez,Butter,China,East,16-08-2020,23-08-2020,14,312,4368
S230,Maci Dillard,Milk,Australia,North,17-08-2020,22-08-2020,6,230,1380
S231,Deanna Langley,Milk,India,West,18-08-2020,24-08-2020,5,518,2590
S232,Don Cole,Milk,India,North,19-08-2020,01-09-2020,5,716,3580
S233,Margaret Marquez,Milk,China,East,20-08-2020,02-09-2020,14,173,2422
S234,Macsen Holcomb,Bread,Japan,South,21-08-2020,30-08-2020,3,774,2322
S235,Deanna Langley,Milk,USA,South,22-08-2020,29-08-2020,9,266,2394
S236,Tyra Mercer,Butter,India,South,23-08-2020,06-09-2020,9,308,2772
S237,Arjan Wilder,Bread,Japan,East,24-08-2020,06-09-2020,13,700,9100
S238,Arjan Wilder,Bread,USA,West,25-08-2020,31-08-2020,3,852,2556
S239,Denny Cornish,Milk,Japan,South,26-08-2020,06-09-2020,9,913,8217
S240,Maci Dillard,Milk,Australia,South,27-08-2020,02-09-2020,7,417,2919
S241,Micah Sexton,Cake,India,North,28-08-2020,08-09-2020,15,195,2925
S242,Deanna Rosas,Cake,China,South,29-08-2020,06-09-2020,9,328,2952
S243,Ivy-Rose Glover,Milk,Australia,North,30-08-2020,09-09-2020,3,776,2328
S244,Bob Fry,Butter,USA,East,31-08-2020,12-09-2020,14,235,3290
S245,Lucas Andrade,Milk,Japan,West,01-09-2020,14-09-2020,2,924,1848
S246,Evie-Mai Ortiz,Bread,Australia,South,02-09-2020,16-09-2020,1,305,305
S247,Ivy-Rose Glover,Cake,USA,East,03-09-2020,13-09-2020,6,835,5010
S248,Arjan Wilder,Bread,China,North,04-09-2020,18-09-2020,7,701,4907
S249,Soraya Schmitt,Milk,Japan,North,05-09-2020,15-09-2020,3,852,2556
S250,Denny Cornish,Butter,India,West,06-09-2020,19-09-2020,7,853,5971
S251,Macsen Holcomb,Bread,USA,North,07-09-2020,13-09-2020,4,752,3008
S252,Larissa Whitehouse,Milk,Japan,South,08-09-2020,16-09-2020,3,617,1851
S253,Macsen Holcomb,Milk,USA,West,09-09-2020,19-09-2020,12,731,8772
S254,Deanna Langley,Cake,India,North,10-09-2020,24-09-2020,15,637,9555
S255,Joel Cotton,Milk,Japan,East,11-09-2020,16-09-2020,10,394,3940
S256,Evie-Mai Ortiz,Cake,China,East,12-09-2020,25-09-2020,8,403,3224
S257,Deanna Langley,Cake,Japan,South,13-09-2020,28-09-2020,7,358,2506
S258,Joel Cotton,Cake,Japan,East,14-09-2020,20-09-2020,4,236,944
S259,Deanna Langley,Milk,USA,West,15-09-2020,24-09-2020,5,900,4500
S260,Macsen Holcomb,Milk,USA,North,16-09-2020,30-09-2020,8,516,4128
S261,Deanna Rosas,Milk,China,North,17-09-2020,25-09-2020,1,767,767
S262,Micah Sexton,Bread,Australia,East,18-09-2020,24-09-2020,11,582,6402
S263,Don Cole,Butter,China,West,19-09-2020,28-09-2020,6,460,2760
S264,Soraya Schmitt,Cake,Japan,North,20-09-2020,01-10-2020,4,364,1456
S265,Ivy-Rose Glover,Bread,India,East,21-09-2020,06-10-2020,1,501,501
S266,Deanna Langley,Cake,India,East,22-09-2020,07-10-2020,9,681,6129
S267,Tyra Mercer,Cake,USA,South,23-09-2020,29-09-2020,12,916,10992
S268,Larissa Whitehouse,Milk,China,East,24-09-2020,30-09-2020,14,147,2058
S269,Arjan Wilder,Milk,India,West,25-09-2020,05-10-2020,9,364,3276
S270,Maci Dillard,Butter,USA,East,26-09-2020,09-10-2020,14,105,1470
S271,Larissa Whitehouse,Butter,China,West,27-09-2020,06-10-2020,6,799,4794
S272,Lucas Andrade,Cake,China,South,28-09-2020,08-10-2020,4,257,1028
S273,Ivy-Rose Glover,Butter,USA,South,29-09-2020,04-10-2020,10,109,1090
S274,Arjan Wilder,Cake,USA,South,30-09-2020,15-10-2020,7,310,2170
S275,Don Cole,Cake,USA,West,01-10-2020,12-10-2020,12,306,3672
S276,Joel Cotton,Butter,Australia,North,02-10-2020,11-10-2020,5,402,2010
S277,Arjan Wilder,Milk,Japan,North,03-10-2020,15-10-2020,9,978,8802
S278,Larissa Whitehouse,Butter,Australia,South,04-10-2020,11-10-2020,1,727,727
S279,Evie-Mai Ortiz,Cake,Australia,North,05-10-2020,19-10-2020,8,623,4984
S280,Deanna Langley,Bread,China,West,06-10-2020,15-10-2020,15,841,12615
S281,Don Cole,Cake,China,East,07-10-2020,16-10-2020,4,275,1100
S282,Fallon Navarro,Milk,China,West,08-10-2020,14-10-2020,6,587,3522
S283,Denny Cornish,Milk,Japan,South,09-10-2020,23-10-2020,3,826,2478
S284,Arjan Wilder,Bread,Australia,East,10-10-2020,17-10-2020,12,228,2736
S285,Deanna Rosas,Bread,Japan,North,11-10-2020,21-10-2020,4,439,1756
S286,Erin Marin,Bread,India,North,12-10-2020,21-10-2020,14,625,8750
S287,Erin Marin,Butter,Australia,South,13-10-2020,25-10-2020,9,588,5292
S288,Joel Cotton,Cake,Australia,East,14-10-2020,19-10-2020,12,588,7056
S289,Fallon Navarro,Bread,USA,North,15-10-2020,25-10-2020,15,907,13605
S290,Margaret Marquez,Milk,Australia,South,16-10-2020,24-10-2020,9,235,2115
S291,Evie-Mai Ortiz,Butter,China,South,17-10-2020,29-10-2020,8,724,5792
S292,Don Cole,Cake,India,East,18-10-2020,30-10-2020,15,858,12870
S293,Micah Sexton,Milk,Japan,East,19-10-2020,02-11-2020,10,841,8410
S294,Micah Sexton,Butter,USA,East,20-10-2020,02-11-2020,8,473,3784
S295,Deanna Rosas,Cake,USA,North,21-10-2020,30-10-2020,13,199,2587
S296,Hayley Redmond,Milk,India,West,22-10-2020,30-10-2020,9,646,5814
S297,Erin Marin,Cake,Australia,North,23-10-2020,05-11-2020,2,926,1852
S298,Arjan Wilder,Butter,India,South,24-10-2020,31-10-2020,7,111,777
S299,Micah Sexton,Cake,China,South,25-10-2020,02-11-2020,3,314,942
S300,Tyra Mercer,Butter,China,West,26-10-2020,03-11-2020,4,682,2728
S301,Tyra Mercer,Milk,USA,South,27-10-2020,08-11-2020,10,638,6380
S302,Micah Sexton,Bread,India,East,28-10-2020,10-11-2020,6,819,4914
S303,Margaret Marquez,Butter,China,North,29-10-2020,03-11-2020,8,347,2776
S304,Ivy-Rose Glover,Cake,USA,East,30-10-2020,14-11-2020,9,319,2871
S305,Micah Sexton,Cake,Japan,West,31-10-2020,11-11-2020,13,344,4472
S306,Don Cole,Bread,India,West,01-11-2020,07-11-2020,4,502,2008
S307,Evie-Mai Ortiz,Cake,China,North,02-11-2020,16-11-2020,6,680,4080
S308,Macsen Holcomb,Milk,USA,West,03-11-2020,16-11-2020,13,836,10868
S309,Margaret Marquez,Bread,China,East,04-11-2020,12-11-2020,8,304,2432
S310,Deanna Rosas,Butter,China,West,05-11-2020,16-11-2020,7,969,6783
S311,Macsen Holcomb,Bread,China,North,06-11-2020,20-11-2020,8,980,7840
S312,Lucas Andrade,Milk,India,South,07-11-2020,21-11-2020,11,231,2541
S313,Larissa Whitehouse,Cake,Australia,West,08-11-2020,18-11-2020,4,757,3028
S314,Fallon Navarro,Bread,Australia,North,09-11-2020,24-11-2020,6,833,4998
S315,Maci Dillard,Butter,Japan,South,10-11-2020,23-11-2020,8,271,2168
S316,Ivy-Rose Glover,Cake,India,West,11-11-2020,26-11-2020,14,522,7308
S317,Erin Marin,Butter,USA,West,12-11-2020,26-11-2020,5,399,1995
S318,Margaret Marquez,Butter,China,North,13-11-2020,28-11-2020,7,384,2688
S319,Lucas Andrade,Cake,China,East,14-11-2020,25-11-2020,10,777,7770
S320,Fallon Navarro,Bread,Australia,East,15-11-2020,25-11-2020,14,472,6608
S321,Arjan Wilder,Bread,Japan,East,16-11-2020,25-11-2020,11,777,8547
S322,Erin Marin,Bread,India,West,17-11-2020,25-11-2020,8,624,4992
S323,Joel Cotton,Bread,Japan,North,18-11-2020,02-12-2020,1,184,184
S324,Evie-Mai Ortiz,Cake,Australia,North,19-11-2020,30-11-2020,11,480,5280
S325,Macsen Holcomb,Butter,China,South,20-11-2020,02-12-2020,5,588,2940
S326,Macsen Holcomb,Milk,Australia,South,21-11-2020,01-12-2020,6,520,3120
S327,Margaret Marquez,Cake,China,West,22-11-2020,02-12-2020,8,499,3992
S328,Macsen Holcomb,Cake,China,North,23-11-2020,04-12-2020,2,792,1584
S329,Micah Sexton,Milk,Australia,East,24-11-2020,06-12-2020,6,242,1452
S330,Soraya Schmitt,Bread,Japan,North,25-11-2020,05-12-2020,3,209,627
S331,Tyra Mercer,Butter,USA,South,26-11-2020,09-12-2020,9,851,7659
S332,Joel Cotton,Milk,Australia,South,27-11-2020,04-12-2020,6,442,2652
S333,Micah Sexton,Bread,Japan,East,28-11-2020,03-12-2020,7,462,3234
S334,Evie-Mai Ortiz,Milk,India,West,29-11-2020,08-12-2020,5,616,3080
S335,Deanna Rosas,Milk,Australia,North,30-11-2020,14-12-2020,3,608,1824
S336,Margaret Marquez,Bread,China,South,01-12-2020,12-12-2020,11,520,5720
S337,Fallon Navarro,Butter,USA,North,02-12-2020,07-12-2020,10,951,9510
S338,Bob Fry,Butter,Japan,East,03-12-2020,15-12-2020,11,529,5819
S339,Larissa Whitehouse,Bread,China,East,04-12-2020,12-12-2020,11,498,5478
S340,Don Cole,Butter,USA,East,05-12-2020,17-12-2020,2,133,266
S341,Evie-Mai Ortiz,Bread,India,North,06-12-2020,13-12-2020,12,646,7752
S342,Micah Sexton,Bread,India,West,07-12-2020,14-12-2020,9,729,6561
S343,Ivy-Rose Glover,Cake,USA,East,08-12-2020,23-12-2020,11,456,5016
S344,Deanna Rosas,Bread,India,West,09-12-2020,22-12-2020,2,288,576
S345,Joel Cotton,Butter,USA,West,10-12-2020,21-12-2020,13,831,10803
S346,Tyra Mercer,Cake,China,South,11-12-2020,21-12-2020,11,576,6336
S347,Evie-Mai Ortiz,Cake,Japan,North,12-12-2020,23-12-2020,14,871,12194
S348,Hayley Redmond,Milk,Australia,East,13-12-2020,26-12-2020,10,952,9520
S349,Soraya Schmitt,Cake,India,West,14-12-2020,27-12-2020,10,818,8180
S350,Macsen Holcomb,Butter,Australia,North,15-12-2020,23-12-2020,3,961,2883
S351,Larissa Whitehouse,Butter,Australia,South,16-12-2020,25-12-2020,6,478,2868
S352,Deanna Rosas,Milk,Japan,East,17-12-2020,25-12-2020,15,676,10140
S353,Deanna Langley,Butter,Australia,East,18-12-2020,25-12-2020,4,119,476
S354,Denny Cornish,Milk,Japan,South,19-12-2020,03-01-2021,5,359,1795
S355,Deanna Rosas,Milk,India,South,20-12-2020,01-01-2021,5,987,4935
S356,Lucas Andrade,Cake,India,West,21-12-2020,05-01-2021,6,694,4164
S357,Larissa Whitehouse,Cake,China,South,22-12-2020,06-01-2021,9,594,5346
S358,Denny Cornish,Cake,China,South,23-12-2020,04-01-2021,14,348,4872
S359,Macsen Holcomb,Butter,Japan,South,24-12-2020,30-12-2020,2,872,1744
S360,Soraya Schmitt,Butter,Australia,North,25-12-2020,01-01-2021,9,326,2934
S361,Hayley Redmond,Bread,Japan,North,26-12-2020,06-01-2021,3,768,2304
S362,Hayley Redmond,Cake,India,South,27-12-2020,07-01-2021,4,365,1460
S363,Joel Cotton,Bread,Australia,West,28-12-2020,12-01-2021,1,883,883
S364,Lucas Andrade,Butter,Australia,East,29-12-2020,09-01-2021,11,302,3322
S365,Denny Cornish,Butter,USA,South,30-12-2020,06-01-2021,8,650,5200
S366,Bob Fry,Butter,USA,East,31-12-2020,11-01-2021,13,994,12922
S367,Joel Cotton,Butter,China,North,01-01-2021,10-01-2021,8,153,1224
S368,Deanna Rosas,Milk,Japan,North,02-01-2021,07-01-2021,4,624,2496
S369,Margaret Marquez,Cake,USA,North,03-01-2021,12-01-2021,12,114,1368
S370,Hayley Redmond,Bread,Japan,East,04-01-2021,18-01-2021,8,161,1288
S371,Bob Fry,Butter,Japan,West,05-01-2021,17-01-2021,14,748,10472
S372,Margaret Marquez,Cake,India,East,06-01-2021,12-01-2021,6,541,3246
S373,Deanna Rosas,Milk,China,East,07-01-2021,16-01-2021,7,391,2737
S374,Joel Cotton,Bread,Australia,South,08-01-2021,19-01-2021,5,373,1865
S375,Joel Cotton,Cake,India,West,09-01-2021,19-01-2021,11,732,8052
S376,Larissa Whitehouse,Butter,Japan,East,10-01-2021,24-01-2021,13,738,9594
S377,Deanna Rosas,Milk,Japan,South,11-01-2021,25-01-2021,8,881,7048
S378,Lucas Andrade,Milk,Australia,West,12-01-2021,17-01-2021,5,587,2935
S379,Ivy-Rose Glover,Milk,USA,South,13-01-2021,27-01-2021,9,625,5625
S380,Maci Dillard,Bread,Australia,North,14-01-2021,23-01-2021,2,944,1888
S381,Ivy-Rose Glover,Butter,Japan,South,15-01-2021,27-01-2021,4,794,3176
S382,Denny Cornish,Cake,India,South,16-01-2021,25-01-2021,1,315,315
S383,Macsen Holcomb,Butter,Japan,East,17-01-2021,24-01-2021,15,675,10125
S384,Don Cole,Cake,Japan,South,18-01-2021,27-01-2021,4,858,3432
S385,Evie-Mai Ortiz,Milk,China,South,19-01-2021,25-01-2021,10,981,9810
S386,Lucas Andrade,Butter,India,East,20-01-2021,26-01-2021,1,149,149
S387,Macsen Holcomb,Butter,China,West,21-01-2021,03-02-2021,15,347,5205
S388,Deanna Langley,Butter,Australia,South,22-01-2021,01-02-2021,11,535,5885
S389,Evie-Mai Ortiz,Milk,Japan,East,23-01-2021,02-02-2021,9,254,2286
S390,Fallon Navarro,Milk,China,West,24-01-2021,30-01-2021,14,578,8092
S391,Larissa Whitehouse,Cake,India,North,25-01-2021,01-02-2021,3,648,1944
S392,Bob Fry,Butter,India,North,26-01-2021,05-02-2021,2,375,750
S393,Deanna Langley,Cake,India,West,27-01-2021,10-02-2021,1,374,374
S394,Don Cole,Cake,India,South,28-01-2021,10-02-2021,10,469,4690
S395,Fallon Navarro,Cake,India,West,29-01-2021,09-02-2021,10,999,9990
S396,Ivy-Rose Glover,Cake,USA,West,30-01-2021,08-02-2021,3,439,1317
S397,Don Cole,Milk,Japan,West,31-01-2021,07-02-2021,6,391,2346
S398,Tyra Mercer,Cake,India,North,01-02-2021,16-02-2021,14,781,10934
S399,Evie-Mai Ortiz,Milk,Japan,South,02-02-2021,09-02-2021,4,968,3872
S400,Maci Dillard,Bread,China,East,03-02-2021,14-02-2021,4,605,2420
S401,Macsen Holcomb,Milk,China,West,04-02-2021,12-02-2021,1,593,593
S402,Ivy-Rose Glover,Butter,Australia,East,05-02-2021,19-02-2021,13,478,6214
S403,Soraya Schmitt,Bread,Japan,East,06-02-2021,12-02-2021,14,827,11578
S404,Don Cole,Milk,India,West,07-02-2021,12-02-2021,9,116,1044
S405,Deanna Rosas,Butter,India,East,08-02-2021,20-02-2021,3,323,969
S406,Lucas Andrade,Butter,Australia,North,09-02-2021,17-02-2021,15,409,6135
S407,Arjan Wilder,Butter,India,South,10-02-2021,25-02-2021,11,468,5148
S408,Bob Fry,Bread,USA,South,11-02-2021,21-02-2021,3,678,2034
S409,Deanna Langley,Cake,China,South,12-02-2021,23-02-2021,15,672,10080
S410,Macsen Holcomb,Bread,China,North,13-02-2021,22-02-2021,7,592,4144
S411,Hayley Redmond,Milk,Australia,West,14-02-2021,27-02-2021,6,576,3456
S412,Evie-Mai Ortiz,Butter,USA,South,15-02-2021,22-02-2021,11,967,10637
S413,Macsen Holcomb,Cake,Australia,West,16-02-2021,01-03-2021,1,414,414
S414,Joel Cotton,Cake,Australia,East,17-02-2021,04-03-2021,3,987,2961
S415,Larissa Whitehouse,Cake,Japan,South,18-02-2021,03-03-2021,3,151,453
S416,Denny Cornish,Butter,Japan,North,19-02-2021,28-02-2021,6,374,2244
S417,Macsen Holcomb,Bread,Japan,South,20-02-2021,03-03-2021,6,311,1866
S418,Margaret Marquez,Butter,Australia,North,21-02-2021,06-03-2021,11,488,5368
S419,Deanna Langley,Milk,China,East,22-02-2021,04-03-2021,15,745,11175
S420,Deanna Langley,Bread,USA,East,23-02-2021,06-03-2021,3,674,2022
S421,Denny Cornish,Bread,Australia,East,24-02-2021,03-03-2021,13,886,11518
S422,Micah Sexton,Butter,China,West,25-02-2021,12-03-2021,4,171,684
S423,Arjan Wilder,Bread,Japan,West,26-02-2021,12-03-2021,15,234,3510
S424,Margaret Marquez,Milk,Australia,South,27-02-2021,08-03-2021,4,539,2156
S425,Deanna Langley,Bread,Australia,South,28-02-2021,12-03-2021,10,979,9790
S426,Denny Cornish,Cake,Japan,South,01-03-2021,09-03-2021,10,282,2820
S427,Erin Marin,Cake,India,North,02-03-2021,07-03-2021,2,824,1648
S428,Evie-Mai Ortiz,Bread,China,East,03-03-2021,10-03-2021,3,895,2685
S429,Micah Sexton,Bread,Japan,South,04-03-2021,18-03-2021,7,794,5558
S430,Evie-Mai Ortiz,Milk,China,East,05-03-2021,19-03-2021,5,116,580
S431,Don Cole,Cake,Japan,West,06-03-2021,14-03-2021,7,195,1365
S432,Macsen Holcomb,Milk,India,East,07-03-2021,22-03-2021,1,100,100
S433,Fallon Navarro,Cake,Japan,South,08-03-2021,22-03-2021,9,812,7308
S434,Micah Sexton,Milk,Japan,East,09-03-2021,24-03-2021,13,904,11752
S435,Deanna Langley,Bread,USA,South,10-03-2021,17-03-2021,11,938,10318
S436,Bob Fry,Milk,Australia,West,11-03-2021,26-03-2021,7,722,5054
S437,Deanna Rosas,Cake,China,East,12-03-2021,26-03-2021,3,674,2022
S438,Ivy-Rose Glover,Butter,USA,North,13-03-2021,20-03-2021,15,988,14820
S439,Arjan Wilder,Butter,Japan,North,14-03-2021,23-03-2021,9,231,2079
S440,Macsen Holcomb,Bread,China,West,15-03-2021,27-03-2021,9,638,5742
S441,Soraya Schmitt,Butter,China,South,16-03-2021,25-03-2021,3,482,1446
S442,Deanna Rosas,Milk,Japan,West,17-03-2021,31-03-2021,12,357,4284
S443,Hayley Redmond,Milk,India,North,18-03-2021,27-03-2021,3,129,387
S444,Evie-Mai Ortiz,Bread,USA,West,19-03-2021,29-03-2021,15,756,11340
S445,Lucas Andrade,Cake,Australia,West,20-03-2021,29-03-2021,12,776,9312
S446,Lucas Andrade,Cake,Australia,North,21-03-2021,31-03-2021,10,439,4390
S447,Soraya Schmitt,Butter,China,North,22-03-2021,01-04-2021,7,673,4711
S448,Erin Marin,Cake,Australia,South,23-03-2021,02-04-2021,5,921,4605
S449,Tyra Mercer,Cake,China,North,24-03-2021,08-04-2021,1,820,820
S450,Evie-Mai Ortiz,Milk,Australia,South,25-03-2021,04-04-2021,9,218,1962
S451,Maci Dillard,Butter,India,West,26-03-2021,01-04-2021,2,180,360
S452,Evie-Mai Ortiz,Cake,Japan,East,27-03-2021,04-04-2021,14,472,6608
S453,Evie-Mai Ortiz,Milk,China,West,28-03-2021,10-04-2021,13,933,12129
S454,Macsen Holcomb,Milk,India,East,29-03-2021,10-04-2021,14,285,3990
S455,Tyra Mercer,Butter,Japan,East,30-03-2021,10-04-2021,6,425,2550
S456,Denny Cornish,Bread,Japan,West,31-03-2021,05-04-2021,1,826,826
S457,Hayley Redmond,Cake,India,North,01-04-2021,12-04-2021,1,707,707
S458,Joel Cotton,Bread,USA,West,02-04-2021,14-04-2021,1,175,175
S459,Maci Dillard,Milk,USA,East,03-04-2021,15-04-2021,4,519,2076
S460,Evie-Mai Ortiz,Cake,China,West,04-04-2021,17-04-2021,8,693,5544
S461,Ivy-Rose Glover,Butter,Australia,East,05-04-2021,15-04-2021,5,436,2180
S462,Deanna Langley,Cake,Japan,West,06-04-2021,11-04-2021,5,437,2185
S463,Lucas Andrade,Butter,Japan,East,07-04-2021,12-04-2021,14,584,8176
S464,Soraya Schmitt,Cake,Japan,East,08-04-2021,20-04-2021,5,430,2150
S465,Lucas Andrade,Butter,Japan,East,09-04-2021,18-04-2021,13,272,3536
S466,Maci Dillard,Butter,China,East,10-04-2021,24-04-2021,15,398,5970
S467,Deanna Langley,Cake,Australia,East,11-04-2021,20-04-2021,15,849,12735
S468,Erin Marin,Cake,China,South,12-04-2021,26-04-2021,15,369,5535
S469,Deanna Langley,Butter,Japan,North,13-04-2021,18-04-2021,11,531,5841
S470,Macsen Holcomb,Bread,India,North,14-04-2021,29-04-2021,3,808,2424
S471,Larissa Whitehouse,Butter,Japan,East,15-04-2021,28-04-2021,12,427,5124
S472,Lucas Andrade,Milk,China,West,16-04-2021,29-04-2021,13,621,8073
S473,Evie-Mai Ortiz,Milk,USA,North,17-04-2021,23-04-2021,10,767,7670
S474,Erin Marin,Butter,India,West,18-04-2021,03-05-2021,8,899,7192
S475,Soraya Schmitt,Bread,India,South,19-04-2021,02-05-2021,10,441,4410
S476,Tyra Mercer,Cake,USA,South,20-04-2021,27-04-2021,3,341,1023
S477,Lucas Andrade,Bread,Japan,South,21-04-2021,06-05-2021,3,927,2781
S478,Deanna Langley,Milk,China,East,22-04-2021,29-04-2021,11,767,8437
S479,Ivy-Rose Glover,Butter,Australia,East,23-04-2021,07-05-2021,3,396,1188
S480,Maci Dillard,Milk,India,West,24-04-2021,06-05-2021,15,923,13845
S481,Arjan Wilder,Bread,India,North,25-04-2021,03-05-2021,10,830,8300
S482,Deanna Langley,Bread,USA,East,26-04-2021,11-05-2021,3,160,480
S483,Tyra Mercer,Butter,USA,East,27-04-2021,10-05-2021,3,492,1476
S484,Deanna Rosas,Milk,Australia,East,28-04-2021,09-05-2021,14,481,6734
S485,Joel Cotton,Cake,USA,West,29-04-2021,06-05-2021,4,446,1784
S486,Tyra Mercer,Cake,Australia,West,30-04-2021,10-05-2021,5,726,3630
S487,Deanna Langley,Milk,USA,West,01-05-2021,12-05-2021,7,396,2772
S488,Margaret Marquez,Cake,India,East,02-05-2021,15-05-2021,4,126,504
S489,Maci Dillard,Butter,USA,West,03-05-2021,11-05-2021,9,780,7020
S490,Joel Cotton,Bread,India,East,04-05-2021,18-05-2021,4,136,544
S491,Deanna Rosas,Cake,Japan,North,05-05-2021,17-05-2021,13,748,9724
S492,Deanna Rosas,Butter,Japan,East,06-05-2021,16-05-2021,11,767,8437
S493,Deanna Langley,Butter,USA,North,07-05-2021,14-05-2021,3,110,330
S494,Tyra Mercer,Milk,China,South,08-05-2021,17-05-2021,12,873,10476
S495,Don Cole,Cake,India,East,09-05-2021,18-05-2021,9,288,2592
S496,Deanna Langley,Milk,USA,South,10-05-2021,23-05-2021,12,661,7932
S497,Maci Dillard,Bread,China,West,11-05-2021,24-05-2021,13,584,7592
S498,Lucas Andrade,Butter,India,South,12-05-2021,23-05-2021,14,347,4858
S499,Erin Marin,Butter,India,North,13-05-2021,18-05-2021,9,974,8766
S500,Tyra Mercer,Cake,India,North,14-05-2021,29-05-2021,5,513,2565
S501,Erin Marin,Butter,China,East,15-05-2021,20-05-2021,15,818,12270
S502,Hayley Redmond,Milk,Japan,South,16-05-2021,30-05-2021,9,288,2592
S503,Denny Cornish,Bread,Australia,West,17-05-2021,28-05-2021,14,221,3094
S504,Deanna Rosas,Butter,USA,South,18-05-2021,25-05-2021,12,900,10800
S505,Erin Marin,Milk,Australia,South,19-05-2021,26-05-2021,3,128,384
S506,Ivy-Rose Glover,Milk,USA,North,20-05-2021,25-05-2021,1,158,158
S507,Erin Marin,Cake,Japan,East,21-05-2021,01-06-2021,9,990,8910
S508,Arjan Wilder,Bread,USA,East,22-05-2021,03-06-2021,14,982,13748
S509,Micah Sexton,Milk,India,East,23-05-2021,01-06-2021,12,410,4920
S510,Ivy-Rose Glover,Bread,USA,West,24-05-2021,06-06-2021,12,659,7908
S511,Margaret Marquez,Milk,Japan,North,25-05-2021,02-06-2021,12,489,5868
S512,Larissa Whitehouse,Bread,Japan,South,26-05-2021,08-06-2021,3,981,2943
S513,Erin Marin,Milk,China,North,27-05-2021,11-06-2021,4,628,2512
S514,Lucas Andrade,Milk,USA,South,28-05-2021,09-06-2021,5,986,4930
S515,Deanna Rosas,Butter,Australia,North,29-05-2021,08-06-2021,1,826,826
S516,Larissa Whitehouse,Milk,China,North,30-05-2021,14-06-2021,11,730,8030
S517,Larissa Whitehouse,Butter,India,West,31-05-2021,15-06-2021,11,245,2695
S518,Bob Fry,Butter,Australia,East,01-06-2021,07-06-2021,14,398,5572
S519,Macsen Holcomb,Butter,USA,East,02-06-2021,11-06-2021,8,139,1112
S520,Bob Fry,Milk,China,North,03-06-2021,14-06-2021,13,995,12935
S521,Macsen Holcomb,Cake,USA,West,04-06-2021,16-06-2021,15,583,8745
S522,Margaret Marquez,Butter,China,East,05-06-2021,12-06-2021,1,669,669
S523,Arjan Wilder,Cake,Australia,North,06-06-2021,12-06-2021,15,954,14310
S524,Soraya Schmitt,Milk,Japan,North,07-06-2021,18-06-2021,4,902,3608
S525,Don Cole,Butter,USA,South,08-06-2021,16-06-2021,15,460,6900
S526,Deanna Langley,Cake,India,North,09-06-2021,21-06-2021,1,393,393
S527,Erin Marin,Cake,Japan,West,10-06-2021,15-06-2021,12,857,10284
S528,Lucas Andrade,Butter,Australia,North,11-06-2021,22-06-2021,14,629,8806
S529,Soraya Schmitt,Butter,India,West,12-06-2021,26-06-2021,6,683,4098
S530,Ivy-Rose Glover,Butter,USA,North,13-06-2021,25-06-2021,5,976,4880
S531,Deanna Langley,Milk,India,South,14-06-2021,26-06-2021,15,733,10995
S532,Margaret Marquez,Milk,USA,South,15-06-2021,28-06-2021,9,703,6327
S533,Erin Marin,Cake,Japan,North,16-06-2021,21-06-2021,11,336,3696
S534,Soraya Schmitt,Bread,China,East,17-06-2021,26-06-2021,14,864,12096
S535,Erin Marin,Bread,China,East,18-06-2021,01-07-2021,12,628,7536
S536,Macsen Holcomb,Milk,Australia,South,19-06-2021,30-06-2021,4,684,2736
S537,Soraya Schmitt,Cake,Japan,South,20-06-2021,27-06-2021,10,252,2520
S538,Fallon Navarro,Cake,USA,South,21-06-2021,02-07-2021,14,552,7728
S539,Micah Sexton,Bread,USA,West,22-06-2021,30-06-2021,4,624,2496
S540,Margaret Marquez,Butter,Australia,East,23-06-2021,06-07-2021,6,541,3246
S541,Macsen Holcomb,Cake,China,West,24-06-2021,29-06-2021,7,649,4543
S542,Fallon Navarro,Cake,India,South,25-06-2021,03-07-2021,2,290,580
S543,Don Cole,Bread,China,East,26-06-2021,10-07-2021,11,544,5984
S544,Margaret Marquez,Bread,USA,East,27-06-2021,10-07-2021,1,848,848
S545,Evie-Mai Ortiz,Cake,USA,South,28-06-2021,07-07-2021,8,112,896
S546,Arjan Wilder,Milk,USA,North,29-06-2021,07-07-2021,6,432,2592
S547,Don Cole,Bread,China,South,30-06-2021,09-07-2021,6,571,3426
S548,Joel Cotton,Bread,China,North,01-07-2021,15-07-2021,7,899,6293
S549,Maci Dillard,Milk,Japan,North,02-07-2021,12-07-2021,15,689,10335
S550,Deanna Langley,Milk,USA,North,03-07-2021,16-07-2021,13,304,3952
S551,Denny Cornish,Cake,China,South,04-07-2021,09-07-2021,12,989,11868
S552,Fallon Navarro,Cake,China,South,05-07-2021,20-07-2021,13,647,8411
S553,Margaret Marquez,Cake,Australia,South,06-07-2021,13-07-2021,5,767,3835
S554,Lucas Andrade,Bread,Japan,East,07-07-2021,22-07-2021,13,744,9672
S555,Evie-Mai Ortiz,Cake,China,South,08-07-2021,18-07-2021,10,189,1890
S556,Ivy-Rose Glover,Cake,Japan,West,09-07-2021,20-07-2021,4,903,3612
S557,Bob Fry,Milk,India,East,10-07-2021,18-07-2021,15,151,2265
S558,Ivy-Rose Glover,Bread,India,South,11-07-2021,25-07-2021,9,426,3834
S559,Macsen Holcomb,Cake,China,South,12-07-2021,18-07-2021,7,582,4074
S560,Don Cole,Butter,China,East,13-07-2021,28-07-2021,15,548,8220
S561,Joel Cotton,Cake,Australia,North,14-07-2021,24-07-2021,11,456,5016
S562,Don Cole,Bread,Japan,South,15-07-2021,30-07-2021,8,683,5464
S563,Bob Fry,Cake,India,North,16-07-2021,30-07-2021,13,160,2080
S564,Hayley Redmond,Cake,Japan,North,17-07-2021,29-07-2021,15,486,7290
S565,Lucas Andrade,Cake,Australia,South,18-07-2021,01-08-2021,8,650,5200
S566,Deanna Langley,Bread,China,East,19-07-2021,25-07-2021,5,693,3465
S567,Maci Dillard,Butter,USA,West,20-07-2021,26-07-2021,1,886,886
S568,Joel Cotton,Butter,Australia,East,21-07-2021,28-07-2021,15,599,8985
S569,Arjan Wilder,Cake,Japan,East,22-07-2021,28-07-2021,8,704,5632
S570,Lucas Andrade,Milk,USA,West,23-07-2021,30-07-2021,13,723,9399
S571,Larissa Whitehouse,Cake,India,South,24-07-2021,31-07-2021,1,467,467
S572,Margaret Marquez,Bread,India,South,25-07-2021,31-07-2021,4,704,2816
S573,Margaret Marquez,Milk,China,West,26-07-2021,01-08-2021,9,726,6534
S574,Lucas Andrade,Milk,Australia,South,27-07-2021,11-08-2021,10,326,3260
S575,Deanna Rosas,Bread,India,East,28-07-2021,04-08-2021,6,411,2466
S576,Deanna Langley,Bread,Japan,West,29-07-2021,04-08-2021,7,998,6986
S577,Bob Fry,Cake,India,South,30-07-2021,06-08-2021,12,678,8136
S578,Hayley Redmond,Butter,Australia,East,31-07-2021,09-08-2021,5,757,3785
S579,Tyra Mercer,Cake,China,West,01-08-2021,13-08-2021,6,989,5934
S580,Maci Dillard,Cake,Australia,West,02-08-2021,11-08-2021,6,976,5856
S581,Erin Marin,Cake,China,North,03-08-2021,08-08-2021,13,934,12142
S582,Larissa Whitehouse,Milk,India,North,04-08-2021,13-08-2021,7,284,1988
S583,Denny Cornish,Cake,India,South,05-08-2021,13-08-2021,13,720,9360
S584,Soraya Schmitt,Milk,India,North,06-08-2021,21-08-2021,1,966,966
S585,Margaret Marquez,Milk,USA,West,07-08-2021,21-08-2021,4,648,2592
S586,Hayley Redmond,Milk,India,North,08-08-2021,14-08-2021,5,130,650
S587,Margaret Marquez,Bread,Japan,East,09-08-2021,21-08-2021,14,232,3248
S588,Maci Dillard,Cake,Japan,West,10-08-2021,18-08-2021,4,924,3696
S589,Ivy-Rose Glover,Butter,USA,West,11-08-2021,26-08-2021,12,604,7248
S590,Tyra Mercer,Milk,Australia,West,12-08-2021,19-08-2021,10,639,6390
S591,Larissa Whitehouse,Cake,India,East,13-08-2021,26-08-2021,1,491,491
S592,Larissa Whitehouse,Milk,China,East,14-08-2021,21-08-2021,6,145,870
S593,Erin Marin,Milk,Australia,West,15-08-2021,20-08-2021,2,471,942
S594,Erin Marin,Milk,USA,West,16-08-2021,31-08-2021,14,937,13118
S595,Denny Cornish,Cake,India,West,17-08-2021,29-08-2021,11,152,1672
S596,Denny Cornish,Bread,China,North,18-08-2021,26-08-2021,2,888,1776
S597,Larissa Whitehouse,Bread,Japan,West,19-08-2021,25-08-2021,6,134,804
S598,Micah Sexton,Bread,Australia,East,20-08-2021,03-09-2021,3,475,1425
S599,Maci Dillard,Butter,Japan,North,21-08-2021,27-08-2021,6,837,5022
S600,Joel Cotton,Milk,Japan,West,22-08-2021,01-09-2021,7,677,4739
S601,Maci Dillard,Bread,China,South,23-08-2021,30-08-2021,11,657,7227
S602,Margaret Marquez,Milk,USA,East,24-08-2021,29-08-2021,12,399,4788
S603,Ivy-Rose Glover,Bread,India,South,25-08-2021,08-09-2021,6,916,5496
S604,Denny Cornish,Cake,India,North,26-08-2021,07-09-2021,1,967,967
S605,Fallon Navarro,Butter,China,West,27-08-2021,05-09-2021,6,249,1494
S606,Arjan Wilder,Cake,Japan,East,28-08-2021,11-09-2021,9,393,3537
S607,Micah Sexton,Bread,China,East,29-08-2021,03-09-2021,6,442,2652
S608,Maci Dillard,Cake,USA,South,30-08-2021,13-09-2021,1,879,879
S609,Macsen Holcomb,Butter,India,North,31-08-2021,12-09-2021,1,172,172
S610,Maci Dillard,Milk,China,East,01-09-2021,07-09-2021,6,355,2130
S611,Bob Fry,Cake,Japan,West,02-09-2021,09-09-2021,7,186,1302
S612,Hayley Redmond,Bread,Australia,East,03-09-2021,09-09-2021,10,175,1750
S613,Deanna Langley,Cake,China,West,04-09-2021,19-09-2021,6,275,1650
S614,Hayley Redmond,Cake,China,South,05-09-2021,11-09-2021,1,850,850
S615,Evie-Mai Ortiz,Butter,Australia,South,06-09-2021,12-09-2021,14,638,8932
S616,Maci Dillard,Butter,India,West,07-09-2021,19-09-2021,1,951,951
S617,Deanna Langley,Butter,India,North,08-09-2021,23-09-2021,14,210,2940
S618,Hayley Redmond,Cake,India,West,09-09-2021,21-09-2021,3,275,825
S619,Bob Fry,Milk,Japan,South,10-09-2021,16-09-2021,12,635,7620
S620,Tyra Mercer,Butter,Australia,East,11-09-2021,18-09-2021,14,627,8778
S621,Bob Fry,Milk,Japan,South,12-09-2021,27-09-2021,12,867,10404
S622,Bob Fry,Cake,USA,West,13-09-2021,22-09-2021,2,156,312
S623,Larissa Whitehouse,Cake,USA,East,14-09-2021,29-09-2021,1,839,839
S624,Hayley Redmond,Bread,Japan,West,15-09-2021,27-09-2021,1,893,893
S625,Lucas Andrade,Butter,India,West,16-09-2021,25-09-2021,15,158,2370
S626,Macsen Holcomb,Bread,China,North,17-09-2021,01-10-2021,4,748,2992
S627,Maci Dillard,Cake,USA,West,18-09-2021,03-10-2021,7,196,1372
S628,Maci Dillard,Butter,USA,East,19-09-2021,29-09-2021,10,148,1480
S629,Evie-Mai Ortiz,Milk,Australia,South,20-09-2021,25-09-2021,15,724,10860
S630,Erin Marin,Butter,India,North,21-09-2021,30-09-2021,9,422,3798
S631,Don Cole,Butter,China,South,22-09-2021,02-10-2021,9,526,4734
S632,Fallon Navarro,Milk,USA,West,23-09-2021,06-10-2021,9,237,2133
S633,Macsen Holcomb,Cake,India,West,24-09-2021,07-10-2021,12,760,9120
S634,Evie-Mai Ortiz,Cake,Australia,South,25-09-2021,09-10-2021,8,229,1832
S635,Don Cole,Bread,Japan,East,26-09-2021,05-10-2021,12,496,5952
S636,Tyra Mercer,Cake,China,North,27-09-2021,11-10-2021,6,984,5904
S637,Erin Marin,Cake,Australia,South,28-09-2021,08-10-2021,2,550,1100
S638,Soraya Schmitt,Bread,China,North,29-09-2021,13-10-2021,15,407,6105
S639,Lucas Andrade,Butter,India,South,30-09-2021,10-10-2021,8,589,4712
S640,Deanna Rosas,Milk,USA,North,01-10-2021,16-10-2021,4,137,548
S641,Arjan Wilder,Butter,USA,East,02-10-2021,12-10-2021,13,943,12259
S642,Erin Marin,Butter,India,East,03-10-2021,14-10-2021,9,270,2430
S643,Macsen Holcomb,Cake,Japan,West,04-10-2021,09-10-2021,10,701,7010
S644,Arjan Wilder,Cake,China,West,05-10-2021,20-10-2021,15,604,9060
S645,Don Cole,Milk,China,South,06-10-2021,12-10-2021,9,931,8379
S646,Deanna Rosas,Bread,USA,South,07-10-2021,15-10-2021,10,518,5180
S647,Macsen Holcomb,Bread,Australia,West,08-10-2021,20-10-2021,12,490,5880
S648,Soraya Schmitt,Milk,Japan,East,09-10-2021,20-10-2021,7,190,1330
S649,Deanna Langley,Cake,Japan,North,10-10-2021,25-10-2021,13,174,2262
S650,Soraya Schmitt,Milk,China,North,11-10-2021,22-10-2021,13,655,8515
S651,Maci Dillard,Butter,Japan,West,12-10-2021,24-10-2021,1,184,184
S652,Margaret Marquez,Milk,Australia,West,13-10-2021,25-10-2021,7,310,2170
S653,Larissa Whitehouse,Butter,China,West,14-10-2021,27-10-2021,5,456,2280
S654,Tyra Mercer,Cake,India,North,15-10-2021,21-10-2021,12,912,10944
S655,Evie-Mai Ortiz,Milk,China,North,16-10-2021,31-10-2021,15,588,8820
S656,Lucas Andrade,Cake,China,West,17-10-2021,31-10-2021,15,600,9000
S657,Maci Dillard,Butter,China,North,18-10-2021,27-10-2021,4,418,1672
S658,Evie-Mai Ortiz,Milk,Japan,North,19-10-2021,28-10-2021,6,200,1200
S659,Joel Cotton,Bread,China,North,20-10-2021,28-10-2021,13,228,2964
S660,Hayley Redmond,Milk,USA,East,21-10-2021,30-10-2021,7,547,3829
S661,Lucas Andrade,Milk,China,West,22-10-2021,31-10-2021,4,723,2892
S662,Margaret Marquez,Cake,China,West,23-10-2021,31-10-2021,15,747,11205
S663,Deanna Rosas,Milk,India,North,24-10-2021,02-11-2021,13,336,4368
S664,Denny Cornish,Butter,Japan,North,25-10-2021,05-11-2021,12,762,9144
S665,Soraya Schmitt,Milk,India,North,26-10-2021,31-10-2021,3,688,2064
S666,Deanna Langley,Cake,India,North,27-10-2021,06-11-2021,9,585,5265
S667,Deanna Rosas,Butter,USA,North,28-10-2021,11-11-2021,4,788,3152
S668,Larissa Whitehouse,Butter,China,North,29-10-2021,04-11-2021,2,408,816
S669,Margaret Marquez,Milk,USA,West,30-10-2021,05-11-2021,9,779,7011
S670,Macsen Holcomb,Bread,Australia,North,31-10-2021,06-11-2021,10,928,9280
S671,Arjan Wilder,Bread,India,South,01-11-2021,13-11-2021,14,671,9394
S672,Arjan Wilder,Butter,China,North,02-11-2021,16-11-2021,1,901,901
S673,Deanna Langley,Butter,China,East,03-11-2021,16-11-2021,7,417,2919
S674,Deanna Rosas,Cake,India,East,04-11-2021,13-11-2021,4,876,3504
S675,Denny Cornish,Bread,Japan,North,05-11-2021,18-11-2021,3,598,1794
S676,Macsen Holcomb,Butter,India,North,06-11-2021,12-11-2021,10,318,3180
S677,Maci Dillard,Cake,USA,South,07-11-2021,15-11-2021,4,416,1664
S678,Don Cole,Butter,Australia,North,08-11-2021,20-11-2021,2,267,534
S679,Maci Dillard,Butter,Japan,East,09-11-2021,20-11-2021,11,875,9625
S680,Ivy-Rose Glover,Cake,Australia,South,10-11-2021,24-11-2021,7,604,4228
S681,Don Cole,Milk,Australia,North,11-11-2021,20-11-2021,8,157,1256
S682,Deanna Langley,Cake,Australia,North,12-11-2021,18-11-2021,8,981,7848
S683,Larissa Whitehouse,Cake,Australia,East,13-11-2021,26-11-2021,15,868,13020
S684,Tyra Mercer,Bread,China,East,14-11-2021,28-11-2021,10,997,9970
S685,Lucas Andrade,Cake,Australia,South,15-11-2021,27-11-2021,9,977,8793
S686,Deanna Langley,Butter,Japan,North,16-11-2021,25-11-2021,14,595,8330
S687,Tyra Mercer,Bread,India,South,17-11-2021,28-11-2021,3,910,2730
S688,Deanna Langley,Milk,India,West,18-11-2021,29-11-2021,11,799,8789
S689,Lucas Andrade,Butter,USA,North,19-11-2021,03-12-2021,11,882,9702
S690,Lucas Andrade,Milk,Australia,North,20-11-2021,05-12-2021,15,189,2835
S691,Maci Dillard,Cake,Japan,East,21-11-2021,01-12-2021,6,300,1800
S692,Denny Cornish,Cake,India,West,22-11-2021,07-12-2021,15,631,9465
S693,Soraya Schmitt,Bread,Australia,North,23-11-2021,08-12-2021,4,723,2892
S694,Micah Sexton,Bread,China,South,24-11-2021,05-12-2021,13,419,5447
S695,Soraya Schmitt,Bread,Japan,North,25-11-2021,02-12-2021,6,610,3660
S696,Denny Cornish,Butter,Australia,South,26-11-2021,08-12-2021,10,536,5360
S697,Ivy-Rose Glover,Cake,Japan,South,27-11-2021,09-12-2021,9,328,2952
S698,Margaret Marquez,Butter,India,East,28-11-2021,11-12-2021,4,725,2900
S699,Deanna Rosas,Milk,USA,West,29-11-2021,06-12-2021,9,850,7650
S700,Erin Marin,Milk,China,West,30-11-2021,15-12-2021,13,374,4862
S701,Soraya Schmitt,Cake,China,South,01-12-2021,11-12-2021,10,240,2400
S702,Evie-Mai Ortiz,Bread,Japan,South,02-12-2021,11-12-2021,10,592,5920
S703,Maci Dillard,Butter,Australia,East,03-12-2021,12-12-2021,14,754,10556
S704,Micah Sexton,Bread,USA,North,04-12-2021,19-12-2021,10,577,5770
S705,Soraya Schmitt,Butter,Japan,North,05-12-2021,11-12-2021,6,477,2862
S706,Joel Cotton,Milk,China,North,06-12-2021,16-12-2021,10,819,8190
S707,Don Cole,Cake,India,West,07-12-2021,20-12-2021,15,833,12495
S708,Joel Cotton,Bread,India,North,08-12-2021,21-12-2021,12,549,6588
S709,Don Cole,Cake,Japan,South,09-12-2021,23-12-2021,15,239,3585
S710,Arjan Wilder,Cake,Australia,East,10-12-2021,19-12-2021,13,155,2015
S711,Soraya Schmitt,Cake,USA,South,11-12-2021,22-12-2021,2,502,1004
S712,Maci Dillard,Cake,USA,East,12-12-2021,22-12-2021,11,298,3278
S713,Soraya Schmitt,Butter,USA,North,13-12-2021,20-12-2021,12,453,5436
S714,Micah Sexton,Milk,Australia,South,14-12-2021,26-12-2021,14,248,3472
S715,Maci Dillard,Cake,Japan,West,15-12-2021,27-12-2021,1,734,734
S716,Macsen Holcomb,Milk,Japan,North,16-12-2021,24-12-2021,13,250,3250
S717,Joel Cotton,Milk,Australia,West,17-12-2021,26-12-2021,8,615,4920
S718,Deanna Rosas,Bread,India,West,18-12-2021,30-12-2021,4,938,3752
S719,Lucas Andrade,Milk,Australia,West,19-12-2021,25-12-2021,3,295,885
S720,Erin Marin,Butter,USA,East,20-12-2021,01-01-2022,12,908,10896
S721,Maci Dillard,Butter,USA,East,21-12-2021,31-12-2021,14,791,11074
S722,Larissa Whitehouse,Butter,USA,West,22-12-2021,28-12-2021,10,801,8010
S723,Erin Marin,Cake,Australia,South,23-12-2021,31-12-2021,15,121,1815
S724,Joel Cotton,Butter,China,South,24-12-2021,05-01-2022,8,986,7888
S725,Soraya Schmitt,Butter,China,West,25-12-2021,07-01-2022,12,909,10908
S726,Joel Cotton,Cake,Japan,East,26-12-2021,08-01-2022,14,928,12992
S727,Arjan Wilder,Milk,China,North,27-12-2021,06-01-2022,6,607,3642
S728,Tyra Mercer,Butter,China,East,28-12-2021,02-01-2022,2,258,516
S729,Evie-Mai Ortiz,Milk,Japan,North,29-12-2021,12-01-2022,12,744,8928
S730,Margaret Marquez,Bread,Japan,East,30-12-2021,10-01-2022,6,900,5400
S731,Lucas Andrade,Butter,Japan,North,31-12-2021,14-01-2022,10,443,4430
S732,Ivy-Rose Glover,Bread,China,West,01-01-2022,08-01-2022,13,502,6526
S733,Maci Dillard,Bread,India,North,02-01-2022,12-01-2022,12,630,7560
S734,Denny Cornish,Milk,Japan,South,03-01-2022,08-01-2022,11,993,10923
S735,Tyra Mercer,Bread,Japan,North,04-01-2022,12-01-2022,9,615,5535
S736,Arjan Wilder,Cake,Australia,South,05-01-2022,11-01-2022,6,164,984
S737,Hayley Redmond,Milk,Australia,West,06-01-2022,20-01-2022,9,666,5994
S738,Larissa Whitehouse,Butter,China,East,07-01-2022,17-01-2022,10,607,6070
S739,Hayley Redmond,Bread,USA,North,08-01-2022,13-01-2022,11,925,10175
S740,Deanna Langley,Bread,China,East,09-01-2022,23-01-2022,10,467,4670
S741,Bob Fry,Butter,USA,East,10-01-2022,15-01-2022,10,816,8160
S742,Maci Dillard,Cake,USA,West,11-01-2022,25-01-2022,13,887,11531
S743,Deanna Langley,Butter,India,East,12-01-2022,17-01-2022,7,945,6615
S744,Erin Marin,Cake,Australia,North,13-01-2022,24-01-2022,3,279,837
S745,Fallon Navarro,Bread,China,North,14-01-2022,21-01-2022,6,513,3078
S746,Bob Fry,Milk,USA,South,15-01-2022,22-01-2022,14,562,7868
S747,Arjan Wilder,Milk,USA,West,16-01-2022,30-01-2022,4,877,3508
S748,Deanna Rosas,Cake,USA,West,17-01-2022,22-01-2022,2,193,386
S749,Macsen Holcomb,Milk,China,South,18-01-2022,01-02-2022,8,611,4888
S750,Ivy-Rose Glover,Milk,USA,East,19-01-2022,01-02-2022,12,708,8496
S751,Margaret Marquez,Cake,USA,East,20-01-2022,04-02-2022,11,822,9042
S752,Don Cole,Bread,India,South,21-01-2022,04-02-2022,10,216,2160
S753,Hayley Redmond,Bread,Japan,South,22-01-2022,27-01-2022,13,287,3731
S754,Deanna Rosas,Butter,China,East,23-01-2022,31-01-2022,10,346,3460
S755,Hayley Redmond,Cake,USA,East,24-01-2022,05-02-2022,12,157,1884
S756,Deanna Langley,Bread,India,East,25-01-2022,02-02-2022,6,674,4044
S757,Evie-Mai Ortiz,Butter,Australia,South,26-01-2022,06-02-2022,6,945,5670
S758,Fallon Navarro,Butter,Australia,North,27-01-2022,03-02-2022,4,800,3200
S759,Joel Cotton,Bread,Japan,North,28-01-2022,09-02-2022,3,792,2376
S760,Lucas Andrade,Bread,China,West,29-01-2022,11-02-2022,2,928,1856
S761,Bob Fry,Bread,USA,North,30-01-2022,05-02-2022,11,402,4422
S762,Fallon Navarro,Butter,USA,East,31-01-2022,07-02-2022,8,811,6488
S763,Denny Cornish,Butter,Japan,East,01-02-2022,13-02-2022,10,969,9690
S764,Evie-Mai Ortiz,Bread,Australia,South,02-02-2022,15-02-2022,3,325,975
S765,Denny Cornish,Cake,USA,South,03-02-2022,18-02-2022,7,616,4312
S766,Bob Fry,Milk,China,East,04-02-2022,16-02-2022,9,174,1566
S767,Larissa Whitehouse,Bread,Australia,South,05-02-2022,11-02-2022,3,966,2898
S768,Deanna Rosas,Milk,Japan,North,06-02-2022,11-02-2022,2,542,1084
S769,Deanna Langley,Bread,Australia,South,07-02-2022,17-02-2022,5,132,660
S770,Bob Fry,Butter,USA,East,08-02-2022,16-02-2022,9,907,8163
S771,Deanna Langley,Butter,Japan,South,09-02-2022,19-02-2022,12,286,3432
S772,Evie-Mai Ortiz,Milk,China,East,10-02-2022,24-02-2022,10,783,7830
S773,Tyra Mercer,Butter,Japan,South,11-02-2022,24-02-2022,15,852,12780
S774,Deanna Langley,Bread,Australia,East,12-02-2022,18-02-2022,5,883,4415
S775,Joel Cotton,Milk,India,East,13-02-2022,18-02-2022,8,372,2976
S776,Larissa Whitehouse,Bread,Japan,West,14-02-2022,20-02-2022,8,725,5800
S777,Joel Cotton,Cake,China,North,15-02-2022,22-02-2022,6,699,4194
S778,Deanna Rosas,Milk,China,North,16-02-2022,02-03-2022,14,269,3766
S779,Hayley Redmond,Milk,USA,South,17-02-2022,25-02-2022,7,567,3969
S780,Deanna Rosas,Cake,Japan,South,18-02-2022,03-03-2022,8,392,3136
S781,Margaret Marquez,Cake,India,North,19-02-2022,06-03-2022,12,519,6228
S782,Don Cole,Cake,Australia,East,20-02-2022,28-02-2022,7,133,931
S783,Margaret Marquez,Milk,Australia,South,21-02-2022,04-03-2022,3,647,1941
S784,Hayley Redmond,Milk,India,North,22-02-2022,05-03-2022,14,574,8036
S785,Micah Sexton,Milk,Australia,East,23-02-2022,10-03-2022,3,255,765
S786,Hayley Redmond,Bread,India,South,24-02-2022,02-03-2022,6,327,1962
S787,Erin Marin,Butter,USA,West,25-02-2022,08-03-2022,10,144,1440
S788,Lucas Andrade,Milk,Japan,South,26-02-2022,13-03-2022,5,870,4350
S789,Tyra Mercer,Cake,Australia,North,27-02-2022,08-03-2022,4,224,896
S790,Joel Cotton,Butter,Japan,West,28-02-2022,06-03-2022,2,994,1988
S791,Arjan Wilder,Cake,Australia,South,01-03-2022,12-03-2022,3,129,387
S792,Ivy-Rose Glover,Cake,India,West,02-03-2022,17-03-2022,14,804,11256
S793,Deanna Rosas,Bread,India,West,03-03-2022,12-03-2022,12,426,5112
S794,Arjan Wilder,Milk,USA,North,04-03-2022,13-03-2022,15,390,5850
S795,Macsen Holcomb,Milk,USA,North,05-03-2022,20-03-2022,7,532,3724
S796,Denny Cornish,Butter,China,East,06-03-2022,13-03-2022,4,935,3740
S797,Tyra Mercer,Milk,India,South,07-03-2022,14-03-2022,13,544,7072
S798,Macsen Holcomb,Cake,India,West,08-03-2022,16-03-2022,5,325,1625
S799,Maci Dillard,Bread,Japan,North,09-03-2022,22-03-2022,2,151,302
S800,Arjan Wilder,Bread,China,South,10-03-2022,23-03-2022,12,271,3252
S801,Maci Dillard,Milk,India,North,11-03-2022,24-03-2022,1,633,633
S802,Tyra Mercer,Cake,USA,East,12-03-2022,17-03-2022,11,848,9328
S803,Lucas Andrade,Cake,Australia,East,13-03-2022,25-03-2022,9,860,7740
S804,Deanna Langley,Milk,India,North,14-03-2022,26-03-2022,9,429,3861
S805,Joel Cotton,Bread,India,South,15-03-2022,20-03-2022,11,104,1144
S806,Tyra Mercer,Butter,India,South,16-03-2022,27-03-2022,9,337,3033
S807,Lucas Andrade,Bread,Australia,North,17-03-2022,22-03-2022,6,525,3150
S808,Tyra Mercer,Butter,Australia,North,18-03-2022,27-03-2022,12,104,1248
S809,Fallon Navarro,Bread,USA,North,19-03-2022,28-03-2022,12,272,3264
S810,Denny Cornish,Butter,Australia,North,20-03-2022,02-04-2022,14,949,13286
S811,Lucas Andrade,Cake,China,East,21-03-2022,05-04-2022,10,784,7840
S812,Arjan Wilder,Milk,Japan,East,22-03-2022,02-04-2022,2,126,252
S813,Deanna Rosas,Bread,Japan,West,23-03-2022,30-03-2022,4,735,2940
S814,Denny Cornish,Butter,China,North,24-03-2022,08-04-2022,1,810,810
S815,Micah Sexton,Bread,Japan,East,25-03-2022,08-04-2022,11,485,5335
S816,Evie-Mai Ortiz,Bread,China,East,26-03-2022,05-04-2022,13,163,2119
S817,Micah Sexton,Butter,China,East,27-03-2022,02-04-2022,12,449,5388
S818,Erin Marin,Butter,India,West,28-03-2022,04-04-2022,8,696,5568
S819,Soraya Schmitt,Bread,Australia,North,29-03-2022,09-04-2022,12,210,2520
S820,Bob Fry,Bread,China,South,30-03-2022,12-04-2022,12,453,5436
S821,Micah Sexton,Cake,China,South,31-03-2022,09-04-2022,7,692,4844
S822,Deanna Rosas,Milk,Australia,South,01-04-2022,15-04-2022,2,196,392
S823,Bob Fry,Butter,Australia,South,02-04-2022,11-04-2022,4,314,1256
S824,Margaret Marquez,Butter,Japan,West,03-04-2022,08-04-2022,2,705,1410
S825,Ivy-Rose Glover,Butter,China,East,04-04-2022,15-04-2022,11,436,4796
S826,Ivy-Rose Glover,Milk,India,West,05-04-2022,15-04-2022,7,961,6727
S827,Erin Marin,Bread,USA,East,06-04-2022,19-04-2022,9,121,1089
S828,Deanna Rosas,Cake,India,West,07-04-2022,20-04-2022,9,922,8298
S829,Soraya Schmitt,Bread,Japan,South,08-04-2022,15-04-2022,7,398,2786
S830,Don Cole,Cake,Japan,West,09-04-2022,19-04-2022,1,282,282
S831,Ivy-Rose Glover,Bread,USA,South,10-04-2022,16-04-2022,12,852,10224
S832,Soraya Schmitt,Bread,USA,South,11-04-2022,24-04-2022,14,930,13020
S833,Arjan Wilder,Butter,Australia,North,12-04-2022,26-04-2022,2,680,1360
S834,Deanna Langley,Cake,Japan,North,13-04-2022,20-04-2022,12,993,11916
S835,Deanna Langley,Cake,India,South,14-04-2022,24-04-2022,8,587,4696
S836,Evie-Mai Ortiz,Bread,India,North,15-04-2022,23-04-2022,3,292,876
S837,Bob Fry,Butter,China,South,16-04-2022,27-04-2022,13,922,11986
S838,Denny Cornish,Milk,USA,South,17-04-2022,01-05-2022,11,104,1144
S839,Erin Marin,Butter,USA,West,18-04-2022,27-04-2022,13,370,4810
S840,Denny Cornish,Bread,USA,West,19-04-2022,01-05-2022,10,712,7120
S841,Ivy-Rose Glover,Milk,Australia,East,20-04-2022,29-04-2022,13,508,6604
S842,Deanna Rosas,Cake,Australia,North,21-04-2022,06-05-2022,5,902,4510
S843,Tyra Mercer,Bread,USA,East,22-04-2022,01-05-2022,13,588,7644
S844,Lucas Andrade,Butter,Australia,North,23-04-2022,07-05-2022,13,397,5161
S845,Deanna Rosas,Milk,Australia,North,24-04-2022,29-04-2022,5,812,4060
S846,Lucas Andrade,Cake,China,West,25-04-2022,10-05-2022,12,866,10392
S847,Denny Cornish,Cake,Japan,South,26-04-2022,04-05-2022,8,446,3568
S848,Fallon Navarro,Bread,Japan,West,27-04-2022,12-05-2022,6,568,3408
S849,Ivy-Rose Glover,Bread,India,North,28-04-2022,04-05-2022,5,270,1350
S850,Micah Sexton,Milk,China,South,29-04-2022,07-05-2022,9,928,8352
S851,Micah Sexton,Bread,India,South,30-04-2022,08-05-2022,2,223,446
S852,Larissa Whitehouse,Butter,Japan,North,01-05-2022,12-05-2022,13,940,12220
S853,Bob Fry,Milk,China,West,02-05-2022,11-05-2022,10,164,1640
S854,Fallon Navarro,Milk,USA,East,03-05-2022,12-05-2022,1,534,534
S855,Tyra Mercer,Bread,Australia,East,04-05-2022,15-05-2022,10,416,4160
S856,Soraya Schmitt,Bread,USA,North,05-05-2022,19-05-2022,2,357,714
S857,Hayley Redmond,Bread,Japan,North,06-05-2022,21-05-2022,11,359,3949
S858,Bob Fry,Cake,Japan,North,07-05-2022,14-05-2022,4,269,1076
S859,Micah Sexton,Butter,Australia,East,08-05-2022,15-05-2022,6,164,984
S860,Erin Marin,Cake,USA,East,09-05-2022,21-05-2022,14,353,4942
S861,Soraya Schmitt,Cake,Australia,West,10-05-2022,18-05-2022,6,714,4284
S862,Fallon Navarro,Milk,India,East,11-05-2022,22-05-2022,2,977,1954
S863,Soraya Schmitt,Bread,Australia,North,12-05-2022,17-05-2022,7,817,5719
S864,Don Cole,Bread,Australia,North,13-05-2022,26-05-2022,8,766,6128
S865,Macsen Holcomb,Butter,India,South,14-05-2022,27-05-2022,6,439,2634
S866,Don Cole,Cake,China,South,15-05-2022,27-05-2022,8,198,1584
S867,Denny Cornish,Milk,India,South,16-05-2022,28-05-2022,11,134,1474
S868,Denny Cornish,Milk,USA,East,17-05-2022,22-05-2022,4,644,2576
S869,Deanna Rosas,Milk,USA,East,18-05-2022,31-05-2022,9,406,3654
S870,Tyra Mercer,Milk,Australia,West,19-05-2022,30-05-2022,7,789,5523
S871,Deanna Rosas,Bread,Australia,East,20-05-2022,03-06-2022,8,615,4920
S872,Deanna Langley,Milk,India,East,21-05-2022,31-05-2022,3,456,1368
S873,Arjan Wilder,Bread,Australia,North,22-05-2022,29-05-2022,13,742,9646
S874,Evie-Mai Ortiz,Butter,India,East,23-05-2022,07-06-2022,2,446,892
S875,Deanna Langley,Butter,China,East,24-05-2022,04-06-2022,13,569,7397
S876,Soraya Schmitt,Milk,Australia,South,25-05-2022,08-06-2022,10,676,6760
S877,Ivy-Rose Glover,Butter,Japan,South,26-05-2022,05-06-2022,5,272,1360
S878,Deanna Rosas,Butter,Australia,West,27-05-2022,02-06-2022,10,197,1970
S879,Bob Fry,Bread,China,West,28-05-2022,02-06-2022,3,718,2154
S880,Arjan Wilder,Cake,China,West,29-05-2022,05-06-2022,6,484,2904
S881,Bob Fry,Bread,China,North,30-05-2022,06-06-2022,12,157,1884
S882,Evie-Mai Ortiz,Cake,Japan,South,31-05-2022,05-06-2022,14,166,2324
S883,Soraya Schmitt,Milk,China,South,01-06-2022,12-06-2022,1,157,157
S884,Lucas Andrade,Bread,Australia,East,02-06-2022,12-06-2022,3,409,1227
S885,Larissa Whitehouse,Cake,Australia,North,03-06-2022,16-06-2022,15,694,10410
S886,Micah Sexton,Cake,India,West,04-06-2022,19-06-2022,11,685,7535
S887,Micah Sexton,Butter,Australia,South,05-06-2022,12-06-2022,15,326,4890
S888,Fallon Navarro,Cake,India,North,06-06-2022,17-06-2022,9,817,7353
S889,Larissa Whitehouse,Butter,Japan,North,07-06-2022,21-06-2022,10,312,3120
S890,Denny Cornish,Cake,India,East,08-06-2022,22-06-2022,6,881,5286
S891,Fallon Navarro,Cake,Japan,South,09-06-2022,16-06-2022,3,155,465
S892,Fallon Navarro,Butter,USA,East,10-06-2022,18-06-2022,12,942,11304
S893,Denny Cornish,Butter,China,East,11-06-2022,17-06-2022,7,951,6657
S894,Lucas Andrade,Butter,Japan,North,12-06-2022,27-06-2022,14,932,13048
S895,Macsen Holcomb,Bread,Japan,East,13-06-2022,23-06-2022,2,104,208
S896,Deanna Rosas,Milk,USA,South,14-06-2022,25-06-2022,1,163,163
S897,Hayley Redmond,Cake,Australia,West,15-06-2022,30-06-2022,10,199,1990
S898,Tyra Mercer,Bread,USA,North,16-06-2022,28-06-2022,1,689,689
S899,Ivy-Rose Glover,Butter,Australia,East,17-06-2022,29-06-2022,6,505,3030
S900,Joel Cotton,Bread,Australia,East,18-06-2022,27-06-2022,10,940,9400
S901,Maci Dillard,Butter,USA,West,19-06-2022,28-06-2022,11,462,5082
S902,Joel Cotton,Butter,China,East,20-06-2022,05-07-2022,7,649,4543
S903,Micah Sexton,Milk,Japan,West,21-06-2022,03-07-2022,15,172,2580
S904,Hayley Redmond,Butter,Japan,North,22-06-2022,06-07-2022,4,679,2716
S905,Deanna Rosas,Bread,Japan,East,23-06-2022,07-07-2022,6,228,1368
S906,Fallon Navarro,Bread,India,East,24-06-2022,29-06-2022,9,280,2520
S907,Evie-Mai Ortiz,Butter,Australia,South,25-06-2022,04-07-2022,14,992,13888
S908,Tyra Mercer,Butter,Australia,North,26-06-2022,04-07-2022,1,218,218
S909,Don Cole,Bread,Australia,West,27-06-2022,10-07-2022,5,487,2435
S910,Arjan Wilder,Butter,USA,East,28-06-2022,07-07-2022,6,637,3822
S911,Arjan Wilder,Cake,India,West,29-06-2022,07-07-2022,8,831,6648
S912,Macsen Holcomb,Milk,China,South,30-06-2022,15-07-2022,2,598,1196
S913,Fallon Navarro,Butter,China,West,01-07-2022,11-07-2022,2,738,1476
S914,Lucas Andrade,Bread,USA,West,02-07-2022,17-07-2022,11,905,9955
S915,Evie-Mai Ortiz,Butter,USA,East,03-07-2022,18-07-2022,7,862,6034
S916,Macsen Holcomb,Butter,China,South,04-07-2022,17-07-2022,7,519,3633
S917,Maci Dillard,Bread,China,West,05-07-2022,12-07-2022,9,444,3996
S918,Fallon Navarro,Cake,China,South,06-07-2022,11-07-2022,11,735,8085
S919,Hayley Redmond,Butter,India,West,07-07-2022,20-07-2022,2,598,1196
S920,Bob Fry,Cake,India,South,08-07-2022,16-07-2022,10,246,2460
S921,Bob Fry,Cake,USA,South,09-07-2022,14-07-2022,2,869,1738
S922,Fallon Navarro,Cake,Japan,North,10-07-2022,19-07-2022,11,945,10395
S923,Denny Cornish,Bread,Australia,East,11-07-2022,24-07-2022,7,681,4767
S924,Don Cole,Cake,Japan,North,12-07-2022,21-07-2022,14,439,6146
S925,Fallon Navarro,Bread,China,West,13-07-2022,26-07-2022,14,885,12390
S926,Deanna Rosas,Milk,Australia,East,14-07-2022,23-07-2022,8,657,5256
S927,Maci Dillard,Milk,Australia,South,15-07-2022,25-07-2022,14,533,7462
S928,Arjan Wilder,Butter,China,East,16-07-2022,21-07-2022,1,511,511
S929,Macsen Holcomb,Butter,USA,South,17-07-2022,30-07-2022,9,230,2070
S930,Arjan Wilder,Bread,India,South,18-07-2022,26-07-2022,12,521,6252
S931,Margaret Marquez,Cake,India,East,19-07-2022,30-07-2022,9,231,2079
S932,Maci Dillard,Milk,USA,East,20-07-2022,28-07-2022,4,193,772
S933,Tyra Mercer,Butter,India,East,21-07-2022,31-07-2022,5,420,2100
S934,Don Cole,Cake,India,North,22-07-2022,30-07-2022,14,300,4200
S935,Bob Fry,Bread,China,West,23-07-2022,30-07-2022,1,742,742
S936,Hayley Redmond,Milk,USA,South,24-07-2022,08-08-2022,4,738,2952
S937,Evie-Mai Ortiz,Milk,Japan,East,25-07-2022,31-07-2022,14,538,7532
S938,Joel Cotton,Bread,India,West,26-07-2022,08-08-2022,6,715,4290
S939,Arjan Wilder,Milk,Japan,South,27-07-2022,01-08-2022,2,297,594
S940,Maci Dillard,Cake,Australia,West,28-07-2022,05-08-2022,5,314,1570
S941,Denny Cornish,Cake,Japan,East,29-07-2022,06-08-2022,8,872,6976
S942,Micah Sexton,Butter,Australia,East,30-07-2022,13-08-2022,8,845,6760
S943,Deanna Rosas,Milk,India,South,31-07-2022,05-08-2022,1,425,425
S944,Fallon Navarro,Cake,China,East,01-08-2022,15-08-2022,12,880,10560
S945,Erin Marin,Milk,Australia,East,02-08-2022,16-08-2022,2,529,1058
S946,Arjan Wilder,Bread,USA,East,03-08-2022,16-08-2022,11,571,6281
S947,Tyra Mercer,Cake,Australia,West,04-08-2022,11-08-2022,8,901,7208
S948,Margaret Marquez,Milk,Japan,North,05-08-2022,11-08-2022,11,626,6886
S949,Micah Sexton,Bread,Japan,East,06-08-2022,11-08-2022,3,854,2562
S950,Larissa Whitehouse,Butter,China,South,07-08-2022,16-08-2022,3,896,2688
S951,Arjan Wilder,Bread,Japan,North,08-08-2022,13-08-2022,8,954,7632
S952,Fallon Navarro,Cake,China,South,09-08-2022,20-08-2022,6,542,3252
S953,Margaret Marquez,Milk,India,East,10-08-2022,19-08-2022,7,442,3094
S954,Deanna Langley,Cake,Australia,West,11-08-2022,18-08-2022,8,153,1224
S955,Macsen Holcomb,Butter,Australia,South,12-08-2022,21-08-2022,6,407,2442
S956,Tyra Mercer,Bread,Australia,North,13-08-2022,23-08-2022,15,353,5295
S957,Erin Marin,Butter,Japan,East,14-08-2022,27-08-2022,4,130,520
S958,Fallon Navarro,Cake,USA,South,15-08-2022,26-08-2022,13,470,6110
S959,Joel Cotton,Milk,China,North,16-08-2022,24-08-2022,2,778,1556
S960,Joel Cotton,Milk,USA,South,17-08-2022,26-08-2022,10,581,5810
S961,Soraya Schmitt,Bread,Japan,East,18-08-2022,24-08-2022,13,280,3640
S962,Ivy-Rose Glover,Cake,China,South,19-08-2022,02-09-2022,11,713,7843
S963,Soraya Schmitt,Bread,Australia,South,20-08-2022,01-09-2022,12,228,2736
S964,Maci Dillard,Milk,Japan,North,21-08-2022,02-09-2022,11,756,8316
S965,Bob Fry,Cake,China,South,22-08-2022,01-09-2022,8,767,6136
S966,Margaret Marquez,Cake,Japan,West,23-08-2022,07-09-2022,12,398,4776
S967,Soraya Schmitt,Bread,Japan,South,24-08-2022,06-09-2022,5,426,2130
S968,Deanna Rosas,Butter,USA,South,25-08-2022,03-09-2022,3,864,2592
S969,Lucas Andrade,Milk,USA,West,26-08-2022,05-09-2022,6,382,2292
S970,Denny Cornish,Cake,China,East,27-08-2022,10-09-2022,15,576,8640
S971,Evie-Mai Ortiz,Milk,China,East,28-08-2022,05-09-2022,3,744,2232
S972,Soraya Schmitt,Butter,Australia,North,29-08-2022,13-09-2022,12,600,7200
S973,Don Cole,Cake,Australia,South,30-08-2022,06-09-2022,9,715,6435
S974,Arjan Wilder,Milk,Japan,East,31-08-2022,12-09-2022,13,590,7670
S975,Bob Fry,Milk,China,South,01-09-2022,13-09-2022,9,864,7776
S976,Lucas Andrade,Cake,India,West,02-09-2022,07-09-2022,5,748,3740
S977,Arjan Wilder,Butter,USA,South,03-09-2022,13-09-2022,3,663,1989
S978,Evie-Mai Ortiz,Milk,China,West,04-09-2022,17-09-2022,4,445,1780
S979,Larissa Whitehouse,Cake,Japan,South,05-09-2022,13-09-2022,15,987,14805
S980,Fallon Navarro,Milk,Japan,East,06-09-2022,21-09-2022,8,298,2384
S981,Hayley Redmond,Bread,India,East,07-09-2022,16-09-2022,2,706,1412
S982,Don Cole,Bread,India,South,08-09-2022,23-09-2022,1,307,307
S983,Arjan Wilder,Butter,USA,East,09-09-2022,15-09-2022,7,556,3892
S984,Margaret Marquez,Milk,Japan,North,10-09-2022,24-09-2022,2,687,1374
S985,Macsen Holcomb,Milk,India,East,11-09-2022,16-09-2022,11,891,9801
S986,Maci Dillard,Bread,USA,North,12-09-2022,24-09-2022,8,480,3840
S987,Margaret Marquez,Milk,Japan,South,13-09-2022,20-09-2022,4,584,2336
S988,Hayley Redmond,Bread,Japan,East,14-09-2022,25-09-2022,15,449,6735
S989,Joel Cotton,Butter,Japan,East,15-09-2022,27-09-2022,2,958,1916
S990,Arjan Wilder,Bread,Japan,East,16-09-2022,24-09-2022,6,605,3630
S991,Deanna Rosas,Cake,Australia,South,17-09-2022,24-09-2022,11,904,9944
S992,Tyra Mercer,Cake,USA,South,18-09-2022,23-09-2022,3,654,1962
S993,Larissa Whitehouse,Bread,USA,North,19-09-2022,25-09-2022,4,380,1520
S994,Tyra Mercer,Butter,USA,West,20-09-2022,03-10-2022,15,898,13470
S995,Erin Marin,Bread,USA,West,21-09-2022,30-09-2022,2,123,246
S996,Soraya Schmitt,Cake,Japan,South,22-09-2022,29-09-2022,5,534,2670
S997,Micah Sexton,Cake,Japan,South,23-09-2022,06-10-2022,3,334,1002
S998,Evie-Mai Ortiz,Butter,Japan,East,24-09-2022,05-10-2022,4,472,1888
S999,Tyra Mercer,Cake,China,South,25-09-2022,02-10-2022,3,475,1425
S1000,Deanna Langley,Bread,India,North,26-09-2022,03-10-2022,3,166,498
